{"PDFContent.pdf": 1748320062.465368, "SERVICE MILESTONE RECOGNITION POLICY_R1.pdf": 1750227017.8455057}