{"PDFContent.pdf": 1748320062.465368, "SERVICE MILESTONE RECOGNITION POLICY_R1.pdf": 1748260140.1084082}